{
  "means": {
    "u": [
      -0.24724754691123962,
      -0.38556918501853943,
      -0.27195024490356445,
      -0.005015839822590351,
      0.38888606429100037,
      0.8820850253105164,
      1.4495060443878174,
      2.068519353866577,
      2.7213940620422363,
      3.3941047191619873,
      4.0761284828186035,
      4.761782646179199,
      5.450464248657227,
      6.148886203765869,
      6.863154411315918,
      7.600858688354492,
      8.36470890045166,
      9.148882865905762,
      9.949188232421875,
      10.756416320800781,
      11.57010269165039,
      12.379549980163574,
      13.185733795166016,
      13.979612350463867,
      14.763142585754395,
      15.528634071350098,
      16.28070640563965,
      17.009939193725586,
      17.725305557250977,
      18.417564392089844,
      19.093883514404297,
      19.757015228271484,
      20.400463104248047,
      21.041568756103516,
      21.67188262939453,
      22.300748825073242,
      22.936203002929688,
      23.571781158447266,
      24.221073150634766,
      24.882659912109375,
      25.555526733398438,
      26.24991798400879,
      26.96141815185547,
      27.68819808959961,
      28.437623977661133,
      29.204265594482422,
      29.98290252685547,
      30.77962875366211,
      31.588973999023438,
      32.4002685546875,
      33.219482421875,
      34.04387664794922,
      34.855613708496094,
      35.65840148925781,
      36.45648193359375,
      37.226375579833984,
      37.96546173095703,
      38.684940338134766,
      39.36489486694336,
      39.99440002441406,
      40.58174514770508,
      41.12290573120117,
      41.60337448120117,
      42.02145767211914
    ],
    "v": [
      0.47451817989349365,
      0.9474929571151733,
      1.2827268838882446,
      1.5919908285140991,
      1.84817373752594,
      2.0295846462249756,
      2.1375491619110107,
      2.1684162616729736,
      2.1286134719848633,
      2.0204670429229736,
      1.841415286064148,
      1.5948069095611572,
      1.2924368381500244,
      0.9488482475280762,
      0.5739286541938782,
      0.17880219221115112,
      -0.2261125147342682,
      -0.63388991355896,
      -1.0418832302093506,
      -1.4452126026153564,
      -1.8428010940551758,
      -2.2354822158813477,
      -2.6157240867614746,
      -2.990635395050049,
      -3.3498964309692383,
      -3.7035419940948486,
      -4.041015148162842,
      -4.376058101654053,
      -4.6963791847229,
      -5.016809463500977,
      -5.325833797454834,
      -5.632688045501709,
      -5.9314422607421875,
      -6.223328590393066,
      -6.509610176086426,
      -6.788003444671631,
      -7.056464672088623,
      -7.321321964263916,
      -7.571708679199219,
      -7.812949180603027,
      -8.048131942749023,
      -8.262319564819336,
      -8.469903945922852,
      -8.664590835571289,
      -8.837627410888672,
      -9.002324104309082,
      -9.149984359741211,
      -9.276945114135742,
      -9.392195701599121,
      -9.489104270935059,
      -9.565585136413574,
      -9.627605438232422,
      -9.670903205871582,
      -9.693175315856934,
      -9.699060440063477,
      -9.68676471710205,
      -9.652508735656738,
      -9.599836349487305,
      -9.531723976135254,
      -9.44239330291748,
      -9.333372116088867,
      -9.21222972869873,
      -9.076264381408691,
      -8.923626899719238
    ],
    "t": [
      285.3088073730469,
      284.3778076171875,
      283.4012451171875,
      282.403076171875,
      281.39068603515625,
      280.3812561035156,
      279.3736267089844,
      278.3834533691406,
      277.4220275878906,
      276.5052795410156,
      275.6376953125,
      274.8265075683594,
      274.0662841796875,
      273.35968017578125,
      272.6976013183594,
      272.0559997558594,
      271.4345397949219,
      270.81219482421875,
      270.1657409667969,
      269.4944152832031,
      268.76666259765625,
      267.992919921875,
      267.1491394042969,
      266.25439453125,
      265.2969055175781,
      264.2958679199219,
      263.2310791015625,
      262.13818359375,
      260.9919738769531,
      259.827392578125,
      258.6347961425781,
      257.4127197265625,
      256.1822204589844,
      254.93988037109375,
      253.69679260253906,
      252.4510955810547,
      251.21197509765625,
      249.97727966308594,
      248.74453735351562,
      247.52442932128906,
      246.31541442871094,
      245.1138458251953,
      243.92709350585938,
      242.75523376464844,
      241.59286499023438,
      240.44374084472656,
      239.3103485107422,
      238.18699645996094,
      237.0737762451172,
      235.9734649658203,
      234.8826141357422,
      233.7996826171875,
      232.7265167236328,
      231.66070556640625,
      230.6019287109375,
      229.55311584472656,
      228.50784301757812,
      227.46282958984375,
      226.42478942871094,
      225.392822265625,
      224.3596649169922,
      223.3270721435547,
      222.30052185058594,
      221.27716064453125
    ],
    "q": [
      0.0062052542343735695,
      0.006111248396337032,
      0.006003329064697027,
      0.005870054475963116,
      0.0057196649722754955,
      0.0055492292158305645,
      0.005348049104213715,
      0.0051071131601929665,
      0.004812284372746944,
      0.004454109352082014,
      0.004036389756947756,
      0.0035762772895395756,
      0.003097695065662265,
      0.0026192781515419483,
      0.002178600989282131,
      0.001788539346307516,
      0.0014461611863225698,
      0.001179575570859015,
      0.0009593763388693333,
      0.0007951752631925046,
      0.0006701101665385067,
      0.0005758493207395077,
      0.0005073227803222835,
      0.00045345345279201865,
      0.00041313981637358665,
      0.00037902939948253334,
      0.0003524655185174197,
      0.0003294506168458611,
      0.00031041534384712577,
      0.00029367796378210187,
      0.00027892846264876425,
      0.0002659869205672294,
      0.0002539048145990819,
      0.00024332338944077492,
      0.00023313731071539223,
      0.00022374196851160377,
      0.00021479601855389774,
      0.00020605584722943604,
      0.00019783794414252043,
      0.00018971352255903184,
      0.00018167671805713326,
      0.00017393291636835784,
      0.00016622620751149952,
      0.00015854429511819035,
      0.0001510327128926292,
      0.00014366471441462636,
      0.00013642656267620623,
      0.0001292481174459681,
      0.00012215276365168393,
      0.00011531251948326826,
      0.0001085449184756726,
      0.00010170586756430566,
      9.504647459834814e-05,
      8.857969078235328e-05,
      8.220504241762683e-05,
      7.58836031309329e-05,
      6.971693801460788e-05,
      6.39148274785839e-05,
      5.8434725360712036e-05,
      5.3182971896603703e-05,
      4.827446900890209e-05,
      4.376254219096154e-05,
      3.974184437538497e-05,
      3.598190232878551e-05
    ],