{
  "means": {
    "u": [
      -0.2549669146537781,
      -0.33552443981170654,
      -0.1373666375875473,
      0.24306999146938324,
      0.7727225422859192,
      1.4221312999725342,
      2.1641440391540527,
      2.972400426864624,
      3.8227529525756836,
      4.695580959320068,
      5.578335762023926,
      6.466287612915039,
      7.360462665557861,
      8.26744270324707,
      9.195439338684082,
      10.153706550598145,
      11.1432466506958,
      12.160305976867676,
      13.196627616882324,
      14.235443115234375,
      15.277185440063477,
      16.304443359375,
      17.320722579956055,
      18.312910079956055,
      19.28789520263672,
      20.235164642333984,
      21.164487838745117,
      22.0660400390625,
      22.951780319213867,
      23.813236236572266,
      24.659658432006836,
      25.490371704101562,
      26.30508041381836,
      27.111738204956055,
      27.906591415405273,
      28.6951904296875,
      29.477855682373047,
      30.253921508789062,
      31.02591323852539,
      31.7933406829834,
      32.55519485473633,
      33.31219482421875,
      34.06268310546875,
      34.80421447753906,
      35.53813552856445,
      36.2601203918457,
      36.96660614013672,
      37.65951156616211,
      38.332855224609375,
      38.98161697387695,
      39.607051849365234,
      40.204166412353516,
      40.766361236572266,
      41.29273223876953,
      41.78085708618164,
      42.22492980957031,
      42.62109375,
      42.967063903808594,
      43.2640380859375,
      43.50518035888672,
      43.68446731567383,
      43.81179428100586,
      43.882896423339844,
      43.88996887207031
    ],
    "v": [
      0.5143917202949524,
      1.150765061378479,
      1.5850129127502441,
      1.9732887744903564,
      2.2924723625183105,
      2.5255823135375977,
      2.6748404502868652,
      2.7364237308502197,
      2.7144460678100586,
      2.613992929458618,
      2.440101385116577,
      2.20302152633667,
      1.9194616079330444,
      1.6071678400039673,
      1.2774543762207031,
      0.9455041289329529,
      0.6257736086845398,
      0.32096952199935913,
      0.03994353115558624,
      -0.2139717936515808,
      -0.4408627152442932,
      -0.6399040222167969,
      -0.8100178241729736,
      -0.9554082751274109,
      -1.0729707479476929,
      -1.1695637702941895,
      -1.242499589920044,
      -1.2990790605545044,
      -1.3378790616989136,
      -1.3648302555084229,
      -1.3795300722122192,
      -1.3873957395553589,
      -1.3868017196655273,
      -1.384169340133667,
      -1.377427577972412,
      -1.371171474456787,
      -1.3663517236709595,
      -1.3631340265274048,
      -1.364637017250061,
      -1.36893630027771,
      -1.3782122135162354,
      -1.3916987180709839,
      -1.4099177122116089,
      -1.4307223558425903,
      -1.453391432762146,
      -1.4789659976959229,
      -1.5017744302749634,
      -1.5223089456558228,
      -1.5407209396362305,
      -1.5500620603561401,
      -1.551275372505188,
      -1.5448533296585083,
      -1.524145483970642,
      -1.4895179271697998,
      -1.4426703453063965,
      -1.3803491592407227,
      -1.3005728721618652,
      -1.2063572406768799,
      -1.1004798412322998,
      -0.9780027270317078,
      -0.8435093760490417,
      -0.7028756737709045,
      -0.5543032884597778,
      -0.40001973509788513
    ],
    "t": [
      284.0954895019531,
      283.2296142578125,
      282.3042297363281,
      281.3547668457031,
      280.39697265625,
      279.4491882324219,
      278.5095520019531,
      277.5893859863281,
      276.69171142578125,
      275.82464599609375,
      274.9867858886719,
      274.1839599609375,
      273.4131774902344,
      272.6766357421875,
      271.9670715332031,
      271.27362060546875,
      270.59619140625,
      269.9183349609375,
      269.2296142578125,
      268.5228576660156,
      267.7816162109375,
      267.00994873046875,
      266.1940612792969,
      265.3455505371094,
      264.4593200683594,
      263.54583740234375,
      262.5927429199219,
      261.6227722167969,
      260.620849609375,
      259.6075744628906,
      258.5774841308594,
      257.528564453125,
      256.4739685058594,
      255.4127960205078,
      254.34925842285156,
      253.2828826904297,
      252.2172393798828,
      251.14901733398438,
      250.07827758789062,
      249.00927734375,
      247.93980407714844,
      246.8695831298828,
      245.7999725341797,
      244.73135375976562,
      243.66172790527344,
      242.59092712402344,
      241.52218627929688,
      240.45269775390625,
      239.3803253173828,
      238.3083038330078,
      237.2362060546875,
      236.1611785888672,
      235.0831756591797,
      234.0044708251953,
      232.92543029785156,
      231.84402465820312,
      230.75784301757812,
      229.6674346923828,
      228.5753173828125,
      227.48013305664062,
      226.3798370361328,
      225.2752685546875,
      224.1691436767578,
      223.06243896484375
    ],
    "q": [
      0.005795525852590799,
      0.00570464925840497,
      0.005593624897301197,
      0.005455604288727045,
      0.005297977942973375,
      0.005118045024573803,
      0.004906401503831148,
      0.0046583497896790504,
      0.00436736224219203,
      0.004031351301819086,
      0.0036580576561391354,
      0.0032608527690172195,
      0.002854969585314393,
      0.0024540291633456945,
      0.0020836684852838516,
      0.0017500981921330094,
      0.0014523875433951616,
      0.0012122751213610172,
      0.001009833300486207,
      0.0008575333631597459,
      0.0007383096381090581,
      0.0006469191866926849,
      0.000576757185626775,
      0.0005201259627938271,
      0.00047475448809564114,
      0.00043621304212138057,
      0.00040349841583520174,
      0.0003749330062419176,
      0.00034960792982019484,
      0.0003268083091825247,
      0.0003065131022594869,
      0.0002878346713259816,
      0.0002710317785385996,
      0.0002562997105997056,
      0.00024246322573162615,
      0.00023057544603943825,
      0.000219664434553124,
      0.00020931530161760747,
      0.00020042897085659206,
      0.0001916786568472162,
      0.00018331542378291488,
      0.00017545922310091555,
      0.00016760207654442638,
      0.00015993589477147907,
      0.00015241297660395503,
      0.00014494365314021707,
      0.00013757022679783404,
      0.00013027452223468572,
      0.000123066536616534,
      0.00011603538587223738,
      0.00010913431469816715,
      0.00010232420754618943,
      9.577493619872257e-05,
      8.9423825556878e-05,
      8.325981616508216e-05,
      7.737571286270395e-05,
      7.168996671680361e-05,
      6.623902299907058e-05,
      6.109142123023048e-05,
      5.6188386224675924e-05,
      5.1481743867043406e-05,
      4.70400154881645e-05,
      4.292694211471826e-05,
      3.9026799640851095e-05
    ],