{
  "means": {
    "uw": [
      0.0004839369503315538,
      0.0007773686666041613,
      -0.004046361427754164,
      -0.00840422511100769,
      -0.010933120734989643,
      -0.012066474184393883,
      -0.012476634234189987,
      -0.012620056979358196,
      -0.012617860920727253,
      -0.012451332993805408,
      -0.012137051671743393,
      -0.011714083142578602,
      -0.011193246580660343,
      -0.010551600717008114,
      -0.0098342290148139,
      -0.009143592789769173,
      -0.008470335975289345,
      -0.007731976918876171,
      -0.007037465460598469,
      -0.006320563610643148,
      -0.005682274233549833,
      -0.005097672808915377,
      -0.004575933329761028,
      -0.004188037011772394,
      -0.003862270386889577,
      -0.003691604593768716,
      -0.003577976021915674,
      -0.003580352757126093,
      -0.003625426208600402,
      -0.0037182422820478678,
      -0.0038153694476932287,
      -0.0038896261248737574,
      -0.003912040498107672,
      -0.003882031887769699,
      -0.003773920936509967,
      -0.0035878282506018877,
      -0.0033499114215373993,
      -0.003036137903109193,
      -0.0026834295131266117,
      -0.002297700382769108,
      -0.0018890778301283717,
      -0.0014714980497956276,
      -0.0010645471047610044,
      -0.0006787671591155231,
      -0.0003247526765335351,
      -3.343645221320912e-05,
      0.00020587113976944238,
      0.00037667222204618156,
      0.00045015738578513265,
      0.0004525011754594743,
      0.0003729429445229471,
      0.00017617127741687,
      -0.00011157182598253712,
      -0.0004589834716171026,
      -0.0009243923122994602,
      -0.001505860942415893,
      -0.0021096239797770977,
      -0.0027897299733012915,
      -0.003593406407162547,
      -0.004388653673231602,
      -0.005206961650401354,
      -0.006127651780843735,
      -0.007044006139039993,
      -0.007899636402726173
    ],
    "vw": [
      -0.0027458108961582184,
      -0.006728434003889561,
      -0.0041315555572509766,
      -0.0011130147613584995,
      0.0012227360857650638,
      0.0027856777887791395,
      0.003805195214226842,
      0.00443104887381196,
      0.004763751290738583,
      0.004881216678768396,
      0.004850076045840979,
      0.0047285063192248344,
      0.004542972426861525,
      0.004279601387679577,
      0.003943491727113724,
      0.003620284842327237,
      0.0033184948842972517,
      0.002996286377310753,
      0.0026749896351248026,
      0.002316127996891737,
      0.0019491133280098438,
      0.001583953620865941,
      0.0012379430700093508,
      0.0009696768829599023,
      0.0007689020712859929,
      0.0006672283634543419,
      0.0006216457113623619,
      0.0006300904788076878,
      0.0006415434763766825,
      0.0006542468327097595,
      0.000636290293186903,
      0.0005889242165721953,
      0.0005114457453601062,
      0.00039284458034671843,
      0.0002632870164234191,
      0.00010932632721960545,
      -4.5378510549198836e-05,
      -0.00018597391317598522,
      -0.0003225121763534844,
      -0.00042946747271344066,
      -0.0004935708711855114,
      -0.0005381372757256031,
      -0.0005387211567722261,
      -0.00047961107338778675,
      -0.0004046318354085088,
      -0.0002851941389963031,
      -0.00011286756489425898,
      6.474728434113786e-05,
      0.00027130439411848783,
      0.0005174982943572104,
      0.0007458230247721076,
      0.0009871696820482612,
      0.0012557369191199541,
      0.0014835256151854992,
      0.0017053605988621712,
      0.0019479190232232213,
      0.0021370910108089447,
      0.0022958642803132534,
      0.0024715769104659557,
      0.0025990756694227457,
      0.00268332427367568,
      0.002765929326415062,
      0.002823443152010441,
      0.0028521877247840166
    ],
    "tw": [
      -8.402294770348817e-05,
      0.006719592958688736,
      0.005443141795694828,
      0.006420663557946682,
      0.007681524846702814,
      0.00877972599118948,
      0.009538138285279274,
      0.010046156123280525,
      0.010357423685491085,
      0.010527652688324451,
      0.01061276812106371,
      0.01057487167418003,
      0.0103631392121315,
      0.009959818795323372,
      0.00939982756972313,
      0.008750278502702713,
      0.008009346202015877,
      0.007141090463846922,
      0.006253933068364859,
      0.0053387293592095375,
      0.004424590151757002,
      0.003539369208738208,
      0.002652448136359453,
      0.0018552509136497974,
      0.0010892163263633847,
      0.00043795269448310137,
      -0.00017305962683167309,
      -0.0006789182662032545,
      -0.0011430013692006469,
      -0.0015129945240914822,
      -0.0018317194189876318,
      -0.0020888433791697025,
      -0.0023187005426734686,
      -0.0025301638524979353,
      -0.0027382527478039265,
      -0.0029675194527953863,
      -0.0031960064079612494,
      -0.0034617576748132706,
      -0.0037430720403790474,
      -0.0040407548658549786,
      -0.004361690487712622,
      -0.0046878657303750515,
      -0.0050187003798782825,
      -0.005348651669919491,
      -0.005670696962624788,
      -0.005979272071272135,
      -0.006273034494370222,
      -0.0065490007400512695,
      -0.006796908564865589,
      -0.007013543043285608,
      -0.007206440437585115,
      -0.007364620920270681,
      -0.007484649773687124,
      -0.007586359046399593,
      -0.007652322296053171,
      -0.007686007767915726,
      -0.00771810719743371,
      -0.007730351760983467,
      -0.00770444655790925,
      -0.007674038875848055,
      -0.00764576718211174,
      -0.0075711957179009914,
      -0.0074728201143443584,
      -0.007370342966169119
    ],
    "qw": [
      2.4155883693310898e-06,
      2.368611831116141e-06,
      2.0244849565642653e-06,
      1.9406818410061533e-06,
      1.9884207631548634e-06,
      2.0553998183459044e-06,
      2.047209818556439e-06,
      1.9073904695687816e-06,
      1.612547521290253e-06,
      1.2114285254938295e-06,
      8.221705343203212e-07,
      5.202304009799263e-07,
      3.2936890193013824e-07,
      2.0267920319838595e-07,
      1.020552176100864e-07,
      4.1973517994620124e-08,
      3.148316096712733e-08,
      3.29079057337367e-08,
      5.885095433200149e-08,
      7.083714592681645e-08,
      7.700275261868228e-08,
      7.474466912071875e-08,
      6.532535934411499e-08,
      5.753857479362523e-08,
      4.6648526819126346e-08,
      3.902561473978494e-08,
      3.103691881278792e-08,
      2.5216284171847292e-08,
      1.9724506472584835e-08,
      1.5194867586387772e-08,
      1.1200449456794104e-08,
      7.113847733108969e-09,
      3.5422071942292632e-09,
      -4.902052652688837e-10,
      -4.059527825006626e-09,
      -7.780484700958823e-09,
      -1.1117255560577632e-08,
      -1.424996032284298e-08,
      -1.7110272310105756e-08,
      -1.9375040238855945e-08,
      -2.150529176958571e-08,
      -2.301168144924759e-08,
      -2.4106306284465973e-08,
      -2.586958558481456e-08,
      -2.7096266563830795e-08,
      -2.7926844836656528e-08,
      -2.938983811873186e-08,
      -3.0387745653115417e-08,
      -3.08046494978953e-08,
      -3.1585518200927254e-08,
      -3.2141358019543986e-08,
      -3.210734078606947e-08,
      -3.243213342329909e-08,
      -3.2316730624870615e-08,
      -3.1757217300310003e-08,
      -3.131038184278623e-08,
      -3.0238947346106215e-08,
      -2.8910122296110785e-08,
      -2.7825587167740196e-08,
      -2.6635557759391304e-08,
      -2.4936268161468433e-08,
      -2.3406037996664963e-08,
      -2.2049343684216183e-08,
      -2.0231425423844485e-08
    ]
  },