{
  "means": {
    "uw": [
      0.0019443397177383304,
      0.0020483273547142744,
      -0.004092419054359198,
      -0.009622878395020962,
      -0.013213644735515118,
      -0.015276452526450157,
      -0.01653803139925003,
      -0.0174091923981905,
      -0.018019182607531548,
      -0.018360663205385208,
      -0.018473878502845764,
      -0.018397068604826927,
      -0.018172716721892357,
      -0.017831040546298027,
      -0.017461054027080536,
      -0.017102926969528198,
      -0.016720104962587357,
      -0.01623232290148735,
      -0.015661679208278656,
      -0.015002856031060219,
      -0.014319419860839844,
      -0.013602747581899166,
      -0.012884692288935184,
      -0.012220985256135464,
      -0.011588823050260544,
      -0.011052306741476059,
      -0.010559029877185822,
      -0.010155652649700642,
      -0.00979854166507721,
      -0.00948060117661953,
      -0.009197717532515526,
      -0.008891823701560497,
      -0.008593026548624039,
      -0.008237283676862717,
      -0.007859639823436737,
      -0.007431641686707735,
      -0.006962495855987072,
      -0.0064686937257647514,
      -0.005943567957729101,
      -0.005403227638453245,
      -0.004873913712799549,
      -0.004344398621469736,
      -0.0038368268869817257,
      -0.0033876553643494844,
      -0.0029631005600094795,
      -0.0026243997272104025,
      -0.00237388932146132,
      -0.0021807921584695578,
      -0.002130131935700774,
      -0.002169940620660782,
      -0.0022939012851566076,
      -0.002581126755103469,
      -0.002951687201857567,
      -0.0034073595888912678,
      -0.004026069771498442,
      -0.004717180971056223,
      -0.005473701748996973,
      -0.00636186171323061,
      -0.007315003778785467,
      -0.008304372429847717,
      -0.009379584342241287,
      -0.010508637875318527,
      -0.01163747999817133,
      -0.012763663195073605
    ],
    "vw": [
      -0.0018321211682632565,
      -0.007380097638815641,
      -0.006561854854226112,
      -0.004511069040745497,
      -0.002390716690570116,
      -0.000660478719510138,
      0.0006655819597654045,
      0.0016409833915531635,
      0.0023051397874951363,
      0.0026879890356212854,
      0.0028275682125240564,
      0.002781870076432824,
      0.0026080594398081303,
      0.002348747570067644,
      0.0020194523967802525,
      0.0016726142494007945,
      0.0013327980414032936,
      0.0009634670568630099,
      0.0005701104528270662,
      0.00019405584316700697,
      -0.00015754031483083963,
      -0.0004633009957615286,
      -0.0007283758604899049,
      -0.0009490777156315744,
      -0.0011200859444215894,
      -0.0012546863872557878,
      -0.0013474052539095283,
      -0.0014164344174787402,
      -0.0014646488707512617,
      -0.0014997959369793534,
      -0.001540023135021329,
      -0.0015706635313108563,
      -0.0016235272632911801,
      -0.001669836463406682,
      -0.0017294471617788076,
      -0.0017988106701523066,
      -0.0018589507089927793,
      -0.0019390753004699945,
      -0.0020034899935126305,
      -0.00205916166305542,
      -0.0021130347158759832,
      -0.002136921277269721,
      -0.002144876401871443,
      -0.0021374716889113188,
      -0.0020997344981878996,
      -0.0020479001104831696,
      -0.0019864984788000584,
      -0.0019006803631782532,
      -0.0018141126492992043,
      -0.0017263212939724326,
      -0.001628187601454556,
      -0.0015405893791466951,
      -0.0014612326631322503,
      -0.0013941796496510506,
      -0.0013489763950929046,
      -0.0013176691718399525,
      -0.0013222270645201206,
      -0.0013636191142722964,
      -0.0014187596971169114,
      -0.0015213945880532265,
      -0.001674183877184987,
      -0.0018425168236717582,
      -0.0020452553872019053,
      -0.0022926288656890392
    ],
    "tw": [
      -0.001599502400495112,
      0.007482646033167839,
      0.0071241348050534725,
      0.008235210552811623,
      0.009769723750650883,
      0.011176863685250282,
      0.012237397022545338,
      0.012857986614108086,
      0.013067513704299927,
      0.012957986444234848,
      0.012687006033957005,
      0.012358877807855606,
      0.012017748318612576,
      0.01166910957545042,
      0.011346266604959965,
      0.01106061227619648,
      0.010789630934596062,
      0.01049055065959692,
      0.010170906782150269,
      0.009836165234446526,
      0.009447669610381126,
      0.009011702612042427,
      0.008502859622240067,
      0.00796850398182869,
      0.007382395677268505,
      0.006791544612497091,
      0.006164565682411194,
      0.005552603863179684,
      0.004925085697323084,
      0.004314103163778782,
      0.003718135179951787,
      0.0031258335802704096,
      0.002562826033681631,
      0.0019902947824448347,
      0.0014435634948313236,
      0.0008903583511710167,
      0.0003474334953352809,
      -0.00018912747327703983,
      -0.0007234547520056367,
      -0.0012436097022145987,
      -0.0017583997687324882,
      -0.0022568220738321543,
      -0.0027422988787293434,
      -0.003212860319763422,
      -0.0036634905263781548,
      -0.004097180441021919,
      -0.004513655323535204,
      -0.004911790601909161,
      -0.005292429123073816,
      -0.005663352087140083,
      -0.006020761094987392,
      -0.006365850567817688,
      -0.0067020137794315815,
      -0.007030556909739971,
      -0.007349938619881868,
      -0.007664983160793781,
      -0.00797094777226448,
      -0.008265646174550056,
      -0.008540521375834942,
      -0.008794374763965607,
      -0.009035566821694374,
      -0.009237678721547127,
      -0.00939448457211256,
      -0.009515359066426754
    ],
    "qw": [
      1.7152957525468082e-06,
      1.8159481669499655e-06,
      1.6557459048271994e-06,
      1.7060731352103176e-06,
      1.8959229919346399e-06,
      2.1417349671537522e-06,
      2.370203219470568e-06,
      2.521767783036921e-06,
      2.5643378194217803e-06,
      2.499378297216026e-06,
      2.3685984160692897e-06,
      2.197559524574899e-06,
      2.0171651158307213e-06,
      1.830429596338945e-06,
      1.6384132095481618e-06,
      1.4687977909488836e-06,
      1.3286417015478946e-06,
      1.183073550237168e-06,
      1.0491835382708814e-06,
      9.210028224515554e-07,
      8.045335562201217e-07,
      6.964327212699573e-07,
      5.958551696494396e-07,
      5.106828098178084e-07,
      4.3199159449613944e-07,
      3.6785451129617286e-07,
      3.0835738584755745e-07,
      2.590591634543671e-07,
      2.1392018823007675e-07,
      1.7501919558071677e-07,
      1.408733538710294e-07,
      1.1082278206231422e-07,
      8.517832839061157e-08,
      6.31652383731307e-08,
      4.524982699649627e-08,
      2.999276915716109e-08,
      1.8064193696432085e-08,
      8.660963501938568e-09,
      1.0026370844684607e-09,
      -4.3896575263602244e-09,
      -8.658960659602144e-09,
      -1.204378463626199e-08,
      -1.4493004130144982e-08,
      -1.6713279649138713e-08,
      -1.8590181838362696e-08,
      -2.0385654053711733e-08,
      -2.2212800487864115e-08,
      -2.3812077643015073e-08,
      -2.5200543873893366e-08,
      -2.649582953040408e-08,
      -2.7453017636958066e-08,
      -2.8126875051270872e-08,
      -2.866021553415976e-08,
      -2.8862269019214182e-08,
      -2.8932106488355203e-08,
      -2.8853916589355322e-08,
      -2.8579437483244874e-08,
      -2.824295819436884e-08,
      -2.783783870086154e-08,
      -2.725817260795793e-08,
      -2.653036368371886e-08,
      -2.5636824219077425e-08,
      -2.469349524858444e-08,
      -2.3502199297809057e-08
    ]
  },